-- phpMyAdmin SQL Dump
-- version 3.4.10.1deb1
-- http://www.phpmyadmin.net
--
-- Client: localhost
-- Généré le : Sam 17 Mars 2012 à 12:37
-- Version du serveur: 5.5.20
-- Version de PHP: 5.3.10-1ubuntu2

SET FOREIGN_KEY_CHECKS=0;
SET SQL_MODE="NO_AUTO_VALUE_ON_ZERO";
SET AUTOCOMMIT=0;
START TRANSACTION;
SET time_zone = "+00:00";


/*!40101 SET @OLD_CHARACTER_SET_CLIENT=@@CHARACTER_SET_CLIENT */;
/*!40101 SET @OLD_CHARACTER_SET_RESULTS=@@CHARACTER_SET_RESULTS */;
/*!40101 SET @OLD_COLLATION_CONNECTION=@@COLLATION_CONNECTION */;
/*!40101 SET NAMES utf8 */;

--
-- Base de données: `phpm`
--

--
-- Contenu de la table `Categorie`
--


Delete from Orga where id <> 1;
Delete from Creneau  where 1;
Delete from Confiance where 1;
Delete from Config where 1;
Delete from Categorie where 1;
Delete from Disponibilite where 1;
Delete from DisponibiliteInscription where 1;
Delete from orga_disponibiliteinscription where 1;
Delete from PlageHoraire where 1;
Delete from Tache where 1;
Delete from User where 1;


INSERT INTO `Categorie` (`id`, `nom`, `couleur`) VALUES
(1, 'Bar', 'Bleu'),
(2, 'Bouffe', 'Bleu'),
(3, 'Sécurité', 'Bleu');

--
-- Contenu de la table `Confiance`
--

INSERT INTO `Confiance` (`id`, `nom`, `valeur`, `couleur`) VALUES
(2, 'Soft', 1, 'Bleu'),
(3, 'Hard', 3, 'Bleu');

--
-- Contenu de la table `Config`
--

INSERT INTO `Config` (`id`, `field`, `label`, `value`) VALUES
(1, 'manifestation_plages', 'Plages de la manifestation', '{"1":{"nom":"Prémanif","debut":"2012-05-16 00:00","fin":"2012-05-24 00:00"},"2":{"nom":"Manif","debut":"2012-05-24 00:00","fin":"2012-05-27 00:00"},"3":{"nom":"Postmanif","debut":"2012-05-28 00:00","fin":"2012-06-01 00:00"}}'),
(2, 'manifestation_organisation_nom', 'Nom de l''organisation', '24 Heures de l''INSA'),
(3, 'phpm_config_initiale', 'PHPlanningMaker configuré', '1'),
(4, 'server_baseurl', 'URL du serveur', 'localhost'),
(5, 'manifestation_nom', 'Nom de la manifestation', '24 Heures de l''INSA 38e'),
(6, 'manifestation_orga_responsableconfiancemin', 'Confiance minimale pour être responsable d''une tâche', '500'),
(7, 'manifestation_permis_libelles', 'Libellés des permis', '{"0": "Pas de permis","1": "Permis - de 2 ans","2": "Permis de + de 2 ans" }');

--
-- Contenu de la table `Creneau`
--

INSERT INTO `Creneau` (`id`, `disponibilite_id`, `debut`, `fin`, `plageHoraire_id`) VALUES
(67, NULL, '2012-05-25 21:00:00', '2012-05-25 23:15:00', 7),
(68, NULL, '2012-05-25 23:00:00', '2012-05-26 01:15:00', 7),
(69, NULL, '2012-05-26 01:00:00', '2012-05-26 03:15:00', 7),
(70, NULL, '2012-05-26 03:00:00', '2012-05-26 05:00:00', 7),
(71, NULL, '2012-05-25 21:00:00', '2012-05-25 23:15:00', 7),
(72, NULL, '2012-05-25 23:00:00', '2012-05-26 01:15:00', 7),
(73, NULL, '2012-05-26 01:00:00', '2012-05-26 03:15:00', 7),
(74, NULL, '2012-05-26 03:00:00', '2012-05-26 05:00:00', 7),
(75, NULL, '2012-05-25 21:00:00', '2012-05-25 23:15:00', 7),
(76, NULL, '2012-05-25 23:00:00', '2012-05-26 01:15:00', 7),
(77, NULL, '2012-05-26 01:00:00', '2012-05-26 03:15:00', 7),
(78, NULL, '2012-05-26 03:00:00', '2012-05-26 05:00:00', 7),
(119, NULL, '2012-05-26 16:00:00', '2012-05-26 17:15:00', 10),
(120, NULL, '2012-05-26 17:00:00', '2012-05-26 18:15:00', 10),
(121, NULL, '2012-05-26 18:00:00', '2012-05-26 19:15:00', 10),
(122, NULL, '2012-05-26 19:00:00', '2012-05-26 20:15:00', 10),
(123, NULL, '2012-05-26 20:00:00', '2012-05-26 21:15:00', 10),
(124, NULL, '2012-05-26 21:00:00', '2012-05-26 22:15:00', 10),
(125, NULL, '2012-05-26 22:00:00', '2012-05-26 23:00:00', 10),
(126, NULL, '2012-05-27 16:00:00', '2012-05-27 17:15:00', 11),
(127, NULL, '2012-05-27 17:00:00', '2012-05-27 18:15:00', 11),
(128, NULL, '2012-05-27 18:00:00', '2012-05-27 19:15:00', 11),
(129, NULL, '2012-05-27 19:00:00', '2012-05-27 20:15:00', 11),
(130, NULL, '2012-05-27 20:00:00', '2012-05-27 21:15:00', 11),
(131, NULL, '2012-05-27 21:00:00', '2012-05-27 22:15:00', 11),
(132, NULL, '2012-05-27 22:00:00', '2012-05-27 23:00:00', 11),
(133, NULL, '2012-05-26 20:00:00', '2012-05-26 21:15:00', 12),
(134, NULL, '2012-05-26 21:00:00', '2012-05-26 22:15:00', 12),
(135, NULL, '2012-05-26 22:00:00', '2012-05-26 23:15:00', 12),
(136, NULL, '2012-05-26 23:00:00', '2012-05-27 00:15:00', 12),
(137, NULL, '2012-05-27 00:00:00', '2012-05-27 01:15:00', 12),
(138, NULL, '2012-05-27 01:00:00', '2012-05-27 02:15:00', 12),
(139, NULL, '2012-05-27 02:00:00', '2012-05-27 03:15:00', 12),
(140, NULL, '2012-05-27 03:00:00', '2012-05-27 04:15:00', 12),
(141, NULL, '2012-05-27 04:00:00', '2012-05-27 05:00:00', 12),
(142, NULL, '2012-05-26 20:00:00', '2012-05-26 21:15:00', 12),
(143, NULL, '2012-05-26 21:00:00', '2012-05-26 22:15:00', 12),
(144, NULL, '2012-05-26 22:00:00', '2012-05-26 23:15:00', 12),
(145, NULL, '2012-05-26 23:00:00', '2012-05-27 00:15:00', 12),
(146, NULL, '2012-05-27 00:00:00', '2012-05-27 01:15:00', 12),
(147, NULL, '2012-05-27 01:00:00', '2012-05-27 02:15:00', 12),
(148, NULL, '2012-05-27 02:00:00', '2012-05-27 03:15:00', 12),
(149, NULL, '2012-05-27 03:00:00', '2012-05-27 04:15:00', 12),
(150, NULL, '2012-05-27 04:00:00', '2012-05-27 05:00:00', 12),
(151, NULL, '2012-05-26 20:00:00', '2012-05-26 21:15:00', 12),
(152, NULL, '2012-05-26 21:00:00', '2012-05-26 22:15:00', 12),
(153, NULL, '2012-05-26 22:00:00', '2012-05-26 23:15:00', 12),
(154, NULL, '2012-05-26 23:00:00', '2012-05-27 00:15:00', 12),
(155, NULL, '2012-05-27 00:00:00', '2012-05-27 01:15:00', 12),
(156, NULL, '2012-05-27 01:00:00', '2012-05-27 02:15:00', 12),
(157, NULL, '2012-05-27 02:00:00', '2012-05-27 03:15:00', 12),
(158, NULL, '2012-05-27 03:00:00', '2012-05-27 04:15:00', 12),
(159, NULL, '2012-05-27 04:00:00', '2012-05-27 05:00:00', 12),
(247, NULL, '2012-03-21 09:00:00', '2012-03-21 11:00:00', 14),
(248, NULL, '2012-03-21 11:00:00', '2012-03-21 13:00:00', 14),
(249, NULL, '2012-03-21 13:00:00', '2012-03-21 15:00:00', 14),
(250, NULL, '2012-03-21 15:00:00', '2012-03-21 17:00:00', 14),
(251, NULL, '2012-03-21 17:00:00', '2012-03-21 19:00:00', 14),
(252, NULL, '2012-05-28 06:00:00', '2012-05-28 08:00:00', 15),
(253, NULL, '2012-05-28 08:00:00', '2012-05-28 10:00:00', 15),
(254, NULL, '2012-05-28 10:00:00', '2012-05-28 12:00:00', 15),
(255, NULL, '2012-05-28 12:00:00', '2012-05-28 14:00:00', 15),
(256, NULL, '2012-05-28 14:00:00', '2012-05-28 16:00:00', 15),
(257, NULL, '2012-05-28 16:00:00', '2012-05-28 18:00:00', 15),
(258, NULL, '2012-05-28 18:00:00', '2012-05-28 20:00:00', 15),
(259, NULL, '2012-05-28 20:00:00', '2012-05-28 22:00:00', 15),
(260, NULL, '2012-05-28 22:00:00', '2012-05-29 00:00:00', 15),
(261, NULL, '2012-05-29 00:00:00', '2012-05-29 02:00:00', 15),
(262, NULL, '2012-05-29 02:00:00', '2012-05-29 04:00:00', 15),
(263, NULL, '2012-05-29 04:00:00', '2012-05-29 06:00:00', 15),
(264, NULL, '2012-05-29 06:00:00', '2012-05-29 08:00:00', 15),
(265, NULL, '2012-05-29 08:00:00', '2012-05-29 10:00:00', 15),
(266, NULL, '2012-05-29 10:00:00', '2012-05-29 12:00:00', 15),
(267, NULL, '2012-05-29 12:00:00', '2012-05-29 14:00:00', 15),
(268, NULL, '2012-05-29 14:00:00', '2012-05-29 16:00:00', 15),
(269, NULL, '2012-05-29 16:00:00', '2012-05-29 18:00:00', 15),
(270, NULL, '2012-05-29 18:00:00', '2012-05-29 20:00:00', 15),
(271, NULL, '2012-05-29 20:00:00', '2012-05-29 22:00:00', 15),
(272, NULL, '2012-05-29 22:00:00', '2012-05-30 00:00:00', 15),
(273, NULL, '2012-05-30 00:00:00', '2012-05-30 02:00:00', 15),
(274, NULL, '2012-05-30 02:00:00', '2012-05-30 04:00:00', 15),
(275, NULL, '2012-05-30 04:00:00', '2012-05-30 06:00:00', 15),
(276, NULL, '2012-05-30 06:00:00', '2012-05-30 08:00:00', 15),
(277, NULL, '2012-03-27 10:15:00', '2012-03-27 11:30:00', 16),
(278, NULL, '2012-03-27 11:15:00', '2012-03-27 12:30:00', 16),
(279, NULL, '2012-03-27 12:15:00', '2012-03-27 13:30:00', 16),
(280, NULL, '2012-03-27 13:15:00', '2012-03-27 14:30:00', 16),
(281, NULL, '2012-03-27 14:15:00', '2012-03-27 15:30:00', 16),
(282, NULL, '2012-03-27 15:15:00', '2012-03-27 16:30:00', 16),
(283, NULL, '2012-03-27 16:15:00', '2012-03-27 17:30:00', 16),
(284, NULL, '2012-03-27 17:15:00', '2012-03-27 18:30:00', 16),
(285, NULL, '2012-03-27 18:15:00', '2012-03-27 19:30:00', 16),
(286, NULL, '2012-03-27 19:15:00', '2012-03-27 20:30:00', 16),
(287, NULL, '2012-03-27 20:15:00', '2012-03-27 21:30:00', 16),
(288, NULL, '2012-03-27 21:15:00', '2012-03-27 22:30:00', 16),
(289, NULL, '2012-03-27 22:15:00', '2012-03-27 23:30:00', 16),
(290, NULL, '2012-03-27 23:15:00', '2012-03-28 00:30:00', 16),
(291, NULL, '2012-03-28 00:15:00', '2012-03-28 01:30:00', 16),
(292, NULL, '2012-03-28 01:15:00', '2012-03-28 02:30:00', 16),
(293, NULL, '2012-03-28 02:15:00', '2012-03-28 03:30:00', 16),
(294, NULL, '2012-03-28 03:15:00', '2012-03-28 04:30:00', 16),
(295, NULL, '2012-03-28 04:15:00', '2012-03-28 05:30:00', 16),
(296, NULL, '2012-03-28 05:15:00', '2012-03-28 06:30:00', 16),
(297, NULL, '2012-03-28 06:15:00', '2012-03-28 07:30:00', 16),
(298, NULL, '2012-03-28 07:15:00', '2012-03-28 08:30:00', 16),
(299, NULL, '2012-03-28 08:15:00', '2012-03-28 09:30:00', 16),
(300, NULL, '2012-03-28 09:15:00', '2012-03-28 10:30:00', 16),
(301, NULL, '2012-03-28 10:15:00', '2012-03-28 11:30:00', 16),
(302, NULL, '2012-03-28 11:15:00', '2012-03-28 12:15:00', 16),
(303, NULL, '2012-03-27 10:15:00', '2012-03-27 11:30:00', 16),
(304, NULL, '2012-03-27 11:15:00', '2012-03-27 12:30:00', 16),
(305, NULL, '2012-03-27 12:15:00', '2012-03-27 13:30:00', 16),
(306, NULL, '2012-03-27 13:15:00', '2012-03-27 14:30:00', 16),
(307, NULL, '2012-03-27 14:15:00', '2012-03-27 15:30:00', 16),
(308, NULL, '2012-03-27 15:15:00', '2012-03-27 16:30:00', 16),
(309, NULL, '2012-03-27 16:15:00', '2012-03-27 17:30:00', 16),
(310, NULL, '2012-03-27 17:15:00', '2012-03-27 18:30:00', 16),
(311, NULL, '2012-03-27 18:15:00', '2012-03-27 19:30:00', 16),
(312, NULL, '2012-03-27 19:15:00', '2012-03-27 20:30:00', 16),
(313, NULL, '2012-03-27 20:15:00', '2012-03-27 21:30:00', 16),
(314, NULL, '2012-03-27 21:15:00', '2012-03-27 22:30:00', 16),
(315, NULL, '2012-03-27 22:15:00', '2012-03-27 23:30:00', 16),
(316, NULL, '2012-03-27 23:15:00', '2012-03-28 00:30:00', 16),
(317, NULL, '2012-03-28 00:15:00', '2012-03-28 01:30:00', 16),
(318, NULL, '2012-03-28 01:15:00', '2012-03-28 02:30:00', 16),
(319, NULL, '2012-03-28 02:15:00', '2012-03-28 03:30:00', 16),
(320, NULL, '2012-03-28 03:15:00', '2012-03-28 04:30:00', 16),
(321, NULL, '2012-03-28 04:15:00', '2012-03-28 05:30:00', 16),
(322, NULL, '2012-03-28 05:15:00', '2012-03-28 06:30:00', 16),
(323, NULL, '2012-03-28 06:15:00', '2012-03-28 07:30:00', 16),
(324, NULL, '2012-03-28 07:15:00', '2012-03-28 08:30:00', 16),
(325, NULL, '2012-03-28 08:15:00', '2012-03-28 09:30:00', 16),
(326, NULL, '2012-03-28 09:15:00', '2012-03-28 10:30:00', 16),
(327, NULL, '2012-03-28 10:15:00', '2012-03-28 11:30:00', 16),
(328, NULL, '2012-03-28 11:15:00', '2012-03-28 12:15:00', 16),
(329, NULL, '2012-03-27 10:15:00', '2012-03-27 11:30:00', 16),
(330, NULL, '2012-03-27 11:15:00', '2012-03-27 12:30:00', 16),
(331, NULL, '2012-03-27 12:15:00', '2012-03-27 13:30:00', 16),
(332, NULL, '2012-03-27 13:15:00', '2012-03-27 14:30:00', 16),
(333, NULL, '2012-03-27 14:15:00', '2012-03-27 15:30:00', 16),
(334, NULL, '2012-03-27 15:15:00', '2012-03-27 16:30:00', 16),
(335, NULL, '2012-03-27 16:15:00', '2012-03-27 17:30:00', 16),
(336, NULL, '2012-03-27 17:15:00', '2012-03-27 18:30:00', 16),
(337, NULL, '2012-03-27 18:15:00', '2012-03-27 19:30:00', 16),
(338, NULL, '2012-03-27 19:15:00', '2012-03-27 20:30:00', 16),
(339, NULL, '2012-03-27 20:15:00', '2012-03-27 21:30:00', 16),
(340, NULL, '2012-03-27 21:15:00', '2012-03-27 22:30:00', 16),
(341, NULL, '2012-03-27 22:15:00', '2012-03-27 23:30:00', 16),
(342, NULL, '2012-03-27 23:15:00', '2012-03-28 00:30:00', 16),
(343, NULL, '2012-03-28 00:15:00', '2012-03-28 01:30:00', 16),
(344, NULL, '2012-03-28 01:15:00', '2012-03-28 02:30:00', 16),
(345, NULL, '2012-03-28 02:15:00', '2012-03-28 03:30:00', 16),
(346, NULL, '2012-03-28 03:15:00', '2012-03-28 04:30:00', 16),
(347, NULL, '2012-03-28 04:15:00', '2012-03-28 05:30:00', 16),
(348, NULL, '2012-03-28 05:15:00', '2012-03-28 06:30:00', 16),
(349, NULL, '2012-03-28 06:15:00', '2012-03-28 07:30:00', 16),
(350, NULL, '2012-03-28 07:15:00', '2012-03-28 08:30:00', 16),
(351, NULL, '2012-03-28 08:15:00', '2012-03-28 09:30:00', 16),
(352, NULL, '2012-03-28 09:15:00', '2012-03-28 10:30:00', 16),
(353, NULL, '2012-03-28 10:15:00', '2012-03-28 11:30:00', 16),
(354, NULL, '2012-03-28 11:15:00', '2012-03-28 12:15:00', 16),
(355, NULL, '2012-03-23 11:00:00', '2012-03-23 12:00:00', 17),
(356, NULL, '2012-03-23 12:00:00', '2012-03-23 13:00:00', 17),
(357, NULL, '2012-03-23 13:00:00', '2012-03-23 14:00:00', 17),
(358, NULL, '2012-03-23 14:00:00', '2012-03-23 15:00:00', 17),
(359, NULL, '2012-03-23 15:00:00', '2012-03-23 16:00:00', 17),
(360, NULL, '2012-03-23 16:00:00', '2012-03-23 17:00:00', 17),
(361, NULL, '2012-03-23 17:00:00', '2012-03-23 18:00:00', 17),
(362, NULL, '2012-03-23 18:00:00', '2012-03-23 19:00:00', 17),
(363, NULL, '2012-05-26 11:00:00', '2012-05-26 12:00:00', 18),
(364, NULL, '2012-05-26 12:00:00', '2012-05-26 13:00:00', 18);

--
-- Contenu de la table `Disponibilite`
--

INSERT INTO `Disponibilite` (`id`, `orga_id`, `debut`, `fin`) VALUES
(102, 1, '2012-05-24 10:00:00', '2012-05-24 20:00:00'),
(103, 1, '2012-05-23 10:00:00', '2012-05-23 20:00:00'),
(104, 1, '2012-05-25 10:00:00', '2012-05-26 16:00:00'),
(105, 63, '2012-05-23 10:00:00', '2012-05-23 20:00:00'),
(106, 63, '2012-03-24 11:00:00', '2012-03-24 16:00:00'),
(107, 63, '2012-05-25 10:00:00', '2012-05-25 16:00:00'),
(108, 63, '2012-05-17 10:00:00', '2012-05-18 12:00:00'),
(109, 63, '2012-05-28 10:00:00', '2012-05-28 12:00:00'),
(110, 64, '2012-05-23 10:00:00', '2012-05-26 20:00:00'),
(111, 64, '2012-05-27 00:00:00', '2012-05-29 02:00:00'),
(112, 65, '2012-05-19 00:00:00', '2012-05-25 02:00:00'),
(113, 66, '2012-05-25 00:00:00', '2012-06-10 01:00:00'),
(114, 67, '2012-05-21 00:00:00', '2012-05-26 02:00:00'),
(115, 67, '2012-05-26 05:00:00', '2012-06-01 07:00:00'),
(116, 68, '2012-05-23 00:00:00', '2012-06-04 02:00:00');

--
-- Contenu de la table `Orga`
--

INSERT INTO `Orga` (`id`, `confiance_id`, `importid`, `nom`, `prenom`, `surnom`, `telephone`, `email`, `dateDeNaissance`, `departement`, `commentaire`, `permis`, `statut`, `is_admin`, `equipe`) VALUES
-- (1, 3, NULL, 'Tournier', 'Mathieu', 'Samt', '0643548131', 'mathieutournier@gmail.com', '1991-03-30', 'PC', NULL, 1, 1, 1, 'Orga'),
(63, 2, NULL, 'Arnaud', 'Camille', 'Cam', '0678431234', 'Camille.Arnaud@insa-lyon.fr', '1992-03-11', 'PC', NULL, 2, 1, 0, 'Autre'),
(64, 2, NULL, 'Fournell', 'Georges', 'Georges', '0678432134', 'Georges.Fournell@insa-lyon.fr', '1991-03-14', 'PC', NULL, 1, 1, 0, 'Concerts'),
(65, 3, NULL, 'Cros', 'Lucas', 'Lucas', '0654231456', 'Lucas.Cros@gmail.com', '1989-03-15', 'GMD', NULL, 2, 1, 0, 'Anims Plaisir'),
(66, 2, NULL, 'Dubourg', 'Jean Baptiste', 'JB', '0654231234', 'jb@yahoo.fr', '2012-03-09', 'PC', NULL, 1, 1, 0, 'Bural'),
(67, 2, NULL, 'Duvoluy', 'Charlotte', 'Chacha', '0745212345', 'Chacha@hotmail.fr', '1991-03-14', 'IF', NULL, 2, 1, 0, 'Bural'),
(68, 3, NULL, 'Dupuy', 'Mathilde', 'Mathilde', '0645231456', 'Mathilde@gmail.com', '2012-03-09', 'SGM', NULL, 1, 1, 0, 'Anims Plaisir');

--
-- Contenu de la table `PlageHoraire`
--

INSERT INTO `PlageHoraire` (`id`, `tache_id`, `debut`, `fin`, `dureeCreneau`, `recoupementCreneau`, `nbOrgasNecessaires`) VALUES
(7, 9, '2012-05-25 21:00:00', '2012-05-26 05:00:00', 7200, 900, 3),
(9, 11, '2012-05-25 16:00:00', '2012-05-25 23:00:00', 3600, 900, 1),
(10, 11, '2012-05-26 16:00:00', '2012-05-26 23:00:00', 3600, 900, 1),
(11, 11, '2012-05-27 16:00:00', '2012-05-27 23:00:00', 3600, 900, 1),
(12, 9, '2012-05-26 20:00:00', '2012-05-27 05:00:00', 3600, 900, 3),
(14, 8, '2012-03-21 09:00:00', '2012-03-21 19:00:00', 7200, 0, 1),
(15, 10, '2012-05-28 06:00:00', '2012-05-30 08:00:00', 7200, 0, 1),
(16, 12, '2012-03-27 10:15:00', '2012-03-28 12:15:00', 3600, 900, 3),
(17, 7, '2012-03-23 11:00:00', '2012-03-23 19:00:00', 3600, 0, 1),
(18, 7, '2012-05-26 11:00:00', '2012-05-26 13:00:00', 3600, 0, 1);

--
-- Contenu de la table `Tache`
--

INSERT INTO `Tache` (`id`, `responsable_id`, `categorie_id`, `confiance_id`, `importid`, `nom`, `consignes`, `materielNecessaire`, `permisNecessaire`, `ageNecessaire`, `lieu`) VALUES
(7, 63, 1, 3, NULL, 'Deployer matos bar', '-Pas de consignes', 'Des mains', 2, 18, 'Lyon'),
(8, 67, 3, 2, NULL, 'Apporter matos scene', '-arrivée prévue à 18h', 'Un camion', 2, 22, 'Lyon'),
(9, 68, 1, 2, NULL, 'Servir des bières', 'Bien pleines svp !', NULL, 0, 18, 'Pelouse des humas'),
(10, 1, 3, 2, NULL, 'Rangement des barrières', 'Rdv 10h le 28 mai', NULL, 2, 18, 'Pelouse des humas'),
(11, 63, 2, 2, NULL, 'Sandwichs', 'Servir des sandwich', NULL, 0, 18, 'Pelouse des humas'),
(12, 68, 3, 2, NULL, 'Nettoyer pelouse humas', 'Nettoyer pelouse humas', NULL, 0, 18, 'Pelouse humas');

--
-- Contenu de la table `User`
--

INSERT INTO `User` (`id`, `username`, `pass`, `email`) VALUES
(1, 'orga', 'orga', 'orga@24heures.org');
SET FOREIGN_KEY_CHECKS=1;
COMMIT;

/*!40101 SET CHARACTER_SET_CLIENT=@OLD_CHARACTER_SET_CLIENT */;
/*!40101 SET CHARACTER_SET_RESULTS=@OLD_CHARACTER_SET_RESULTS */;
/*!40101 SET COLLATION_CONNECTION=@OLD_COLLATION_CONNECTION */;
